BOQ Sr.No,BOQ Description,BOQ Qty,BOQ UOM,BOQ Item Type,BOQ Dimensions,BOQ Material,,Vendor Description,Vendor Qty,Vendor UOM,Vendor Unit Price,Vendor Total Price,Vendor Brand,,Match Confidence,Match Status,Issues,LLM Reasoning
1,"900 MM CABLE TRAY HDG, 2.0 MM THICKNESS",119.0,Mtr,cable tray,"width:900mm, thickness:2.0mm, length:3m",HDG,,"900 MM CABLE TRAY HDG, 2.0 MM THICKNESS - 3 METER LENGTH",119.0,Lth,271.92,32358.48,METAR,,0.85,✅ EXCELLENT,"UOM mismatch: BOQ=Mtr, Vendor=Lth","This item is a cable tray made by METAR. It is 900mm wide, 2.0mm thick, and 3 meters long. The material is HDG (Hot-Dip Galvanized), which provides corrosion resistance. It's sold by length (Lth) and the quantity ordered is 119 units."
2,"750 MM CABLE TRAY HDG, 2.0 MM THICKNESS",77.0,Mtr,cable tray,"width:750mm, thickness:2.0mm, length:3m",HDG,,"750 MM CABLE TRAY HDG, 2.0 MM THICKNESS- 3 METER LENGTH",77.0,Lth,232.32,17888.64,METAR,,0.85,✅ EXCELLENT,"UOM mismatch: BOQ=Mtr, Vendor=Lth","This item is a cable tray manufactured by METAR. It is made of HDG (Hot-Dip Galvanized) material, with dimensions of 750mm width, 2.0mm thickness, and 3 meters in length. The quantity ordered is 77 lengths, with a unit price of 232.32 and a total price of 17,888.64."
3,"600 MM CABLE TRAY HDG, 2.0 MM THICKNESS",111.0,Mtr,cable tray,"width:600mm, thickness:2.0mm, length:3m",HDG,,"600 MM CABLE TRAY HDG, 2.0 MM THICKNESS 3 METER LENGTH",111.0,Lth,192.72,21391.92,METAR,,0.85,✅ EXCELLENT,"UOM mismatch: BOQ=Mtr, Vendor=Lth","This item is a cable tray manufactured by METAR. It is made of HDG (Hot-Dip Galvanized) material, with dimensions of 600mm width, 2.0mm thickness, and 3 meters in length. The quantity ordered is 111 units, with a unit price of 192.72 and a total price of 21,391.92."
4,"450 MM CABLE TRAY HDG, 2.0 MM THICKNESS",271.0,Mtr,cable tray,"width:450mm, thickness:2.0mm, length:3m",HDG,,"450 MM CABLE TRAY HDG, 2.0 MM THICKNESS - 3 METER LENGTH",271.0,Lth,153.12,41495.52,METAR,,0.85,✅ EXCELLENT,"UOM mismatch: BOQ=Mtr, Vendor=Lth","This item is a cable tray used for supporting and organizing electrical cables in industrial or commercial settings. It's manufactured by METAR, made of hot-dip galvanized (HDG) material for corrosion resistance, and has specific dimensions to accommodate various cable sizes and quantities."
5,"300 MM CABLE TRAY HDG, 1.5 MM THICKNESS",786.0,Mtr,cable tray,"width:300mm, thickness:1.5mm, length:3m",HDG,,"300 MM CABLE TRAY HDG, 1.5 MM THICKNESS- 3 METER LENGTH",786.0,Lth,85.14,66920.04,METAR,,0.85,✅ EXCELLENT,"UOM mismatch: BOQ=Mtr, Vendor=Lth","This item is a cable tray used for supporting and organizing electrical cables in various installations. It's manufactured by METAR, made of HDG (Hot-Dip Galvanized) material for corrosion resistance, and has specific dimensions to accommodate different cable loads and installation requirements."
6,"225 MM CABLE TRAY HDG, 1.5 MM THICKNESS",560.0,Mtr,cable tray,"width:225mm, thickness:1.5mm, length:3m",HDG,,"225 MM CABLE TRAY HDG, 1.5 MM THICKNESS- 3 METER LENGTH",560.0,Lth,70.29,39362.4,METAR,,0.85,✅ EXCELLENT,"UOM mismatch: BOQ=Mtr, Vendor=Lth","This item is a cable tray manufactured by METAR. It is made of HDG (Hot-Dip Galvanized) material, with dimensions of 225mm width, 1.5mm thickness, and 3 meters in length. The quantity ordered is 560 lengths, with a unit price of 70.29 and a total price of 39,362.40."
7,"200 MM CABLE TRAY HDG, 1.5 MM THICKNESS",10.0,Mtr,cable tray,"width:200mm, thickness:1.5mm, length:3m",HDG,,"200 MM CABLE TRAY HDG, 1.5 MM THICKNESS- 3 METER LENGTH",10.0,Lth,65.34,653.4,METAR,,0.85,✅ EXCELLENT,"UOM mismatch: BOQ=Mtr, Vendor=Lth","This item is a cable tray made by METAR. It is 200mm wide, 1.5mm thick, and 3 meters long. The material is HDG (Hot-Dip Galvanized), which provides corrosion resistance. It's sold in lengths (Lth) and the quotation is for 10 units."
8,"150 MM CABLE TRAY HDG, 1.5 MM THICKNESS",1000.0,Mtr,cable tray,"width:150mm, thickness:1.5mm, length:3m",HDG,,"150 MM CABLE TRAY HDG, 1.5 MM THICKNESS- 3 METER LENGTH",1000.0,Lth,55.44,55440.0,METAR,,0.85,✅ EXCELLENT,"UOM mismatch: BOQ=Mtr, Vendor=Lth","This item is a cable tray made of Hot-Dip Galvanized (HDG) material. It has a width of 150mm, thickness of 1.5mm, and comes in 3-meter lengths. The brand is METAR, and it's sold by length (Lth)."
9,"100 MM CABLE TRAY HDG, 1.5 MM THICKNESS",900.0,Mtr,cable tray,"width:100mm, thickness:1.5mm, length:3m",HDG,,"100 MM CABLE TRAY HDG, 1.5 MM THICKNESS- 3 METER LENGTH",900.0,Lth,45.54,40986.0,METAR,,0.85,✅ EXCELLENT,"UOM mismatch: BOQ=Mtr, Vendor=Lth","This item is a cable tray made by METAR. It is 100mm wide, 1.5mm thick, and comes in 3-meter lengths. The material is HDG (Hot-Dip Galvanized), which provides corrosion resistance. It is sold by length (Lth) and a large quantity (900) is being ordered."
10,"900 MM CABLE TRAY COVER HDG,",7.0,Lth,cable tray cover,"width:900mm, length:3m",HDG,,"900 MM CABLE TRAY COVER HDG,- 3 METER LENGTH- 1.5mm THICKNESS",7.0,Lth,184.14,1288.98,METAR,,1.00,✅ EXCELLENT,None,"This item is a cable tray cover made by METAR. It is 900mm wide, 3 meters long, and 1.5mm thick. The material is HDG (Hot-Dip Galvanized), which provides corrosion resistance. It is sold by length (Lth) and the quantity ordered is 7 units."
11,"750 MM CABLE TRAY COVER  HDG,",4.0,Lth,cable tray cover,"width:750mm, length:3m",HDG,,"750 MM CABLE TRAY COVER HDG, - 3 METER LENGTH",4.0,Lth,174.24,696.96,METAR,,1.00,✅ EXCELLENT,None,"This item is a cable tray cover made by METAR. It is 750mm wide and 3 meters long, made of HDG (Hot-Dip Galvanized) material. The cover is designed to protect cables in a tray system."
12,"600 MM CABLE TRAY COVER HDG,",11.0,Lth,cable tray cover,"width:600mm, length:3m",HDG,,"600 MM CABLE TRAY COVER HDG,- 3 METER LENGTH",11.0,Lth,124.74,1372.14,METAR,,1.00,✅ EXCELLENT,None,"This item is a cable tray cover made by METAR. It is 600mm wide and 3 meters long, made of HDG (Hot-Dip Galvanized) material. It's sold by length (Lth) and the quotation is for 11 units."
13,"450 MM CABLE TRAY COVER HDG,",5.0,Lth,cable tray cover,"width:450mm, length:3m",HDG,,"450 MM CABLE TRAY COVER HDG,- 3 METER LENGTH",5.0,Lth,95.04,475.2,METAR,,1.00,✅ EXCELLENT,None,"This item is a cable tray cover made by METAR. It is 450mm wide and 3 meters long, made of HDG (Hot-Dip Galvanized) material. The cover is designed to protect cables in a tray system."
14,"300 MM CABLE TRAY COVER HDG,",44.0,Lth,cable tray cover,"width:300mm, length:3m",HDG,,"300 MM CABLE TRAY COVER HDG,- 3 METER LENGTH",44.0,Lth,52.27,2299.88,METAR,,1.00,✅ EXCELLENT,None,"This item is a cable tray cover made by METAR. It is 300mm wide and 3 meters long, made of HDG (Hot-Dip Galvanized) material. It is sold by length (Lth) and the quantity ordered is 44 units."
15,"225 MM CABLE TRAY COVER HDG,",38.0,Lth,cable tray cover,"width:225mm, length:3m",HDG,,"225 MM CABLE TRAY COVER HDG,- 3 METER LENGTH",38.0,Lth,40.39,1534.82,METAR,,1.00,✅ EXCELLENT,None,"This item is a cable tray cover made by METAR. It is 225 mm wide and 3 meters long, made of HDG (Hot-Dip Galvanized) material. It's sold by length (Lth) and is part of a cable management system."
16,"200 MM CABLE TRAY COVER HDG,",2.0,Lth,cable tray cover,"width:200mm, length:3m",HDG,,"200 MM CABLE TRAY COVER HDG,- 3 METER LENGTH",2.0,Lth,36.43,72.86,METAR,,1.00,✅ EXCELLENT,None,"This item is a cable tray cover made by METAR. It is 200mm wide and 3 meters long, made of HDG (Hot-Dip Galvanized) material. The cover is designed to protect cables in a cable tray system."
17,"150 MM CABLE TRAY COVER HDG,",19.0,Lth,cable tray cover,"width:150mm, length:3m",HDG,,"150 MM CABLE TRAY COVER HDG,- 3 METER LENGTH",19.0,Lth,28.51,541.69,METAR,,1.00,✅ EXCELLENT,None,"This item is a cable tray cover made of HDG (Hot-Dip Galvanized) material. It has a width of 150mm and a length of 3 meters. The brand is METAR, and it's sold in lengths (Lth)."
18,"100 MM CABLE TRAY COVER HDG,",204.0,Mtr,cable tray cover,"width:100mm, length:3m",HDG,,"100 MM CABLE TRAY COVER HDG,- 3 METER LENGTH",204.0,Lth,20.59,4200.36,METAR,,0.85,✅ EXCELLENT,"UOM mismatch: BOQ=Mtr, Vendor=Lth","This item is a cable tray cover made by METAR. It is 100mm wide and 3 meters long, made of HDG (Hot-Dip Galvanized) material. The cover is used to protect cables in cable trays."
19,900 MM CABLE TRAY 90DEG BEND,10.0,NOS,bend,width:900mm,null,,900 MM CABLE TRAY 90DEG BEND,10.0,NOS,81.57,815.7,METAR,,0.75,✓ GOOD,"Type mismatch: BOQ=bend, Vendor=cable tray bend","This item is a 90-degree bend for a cable tray system, with a width of 900mm. The brand is METAR, and it's likely made of HDG (Hot-Dip Galvanized) material, which is common for cable trays."
20,750 MM CABLE TRAY 90DEG BEND,10.0,NOS,bend,width:750mm,null,,750 MM CABLE TRAY 90DEG BEND,10.0,NOS,69.69,696.9,METAR,,0.75,✓ GOOD,"Type mismatch: BOQ=bend, Vendor=cable tray bend","This item is a 90-degree bend for a cable tray system, with a width of 750mm. The brand is METAR, and it's likely made of HDG (Hot-Dip Galvanized) material, which is common for cable trays."
21,600 MM CABLE TRAY 90DEG BEND,10.0,NOS,bend,width:600mm,null,,600 MM CABLE TRAY 90DEG BEND,10.0,NOS,57.81,578.1,METAR,,0.75,✓ GOOD,"Type mismatch: BOQ=bend, Vendor=cable tray bend","This item is a 90-degree bend for a cable tray system, with a width of 600mm. The brand is METAR, and it's likely made of HDG (Hot-Dip Galvanized) material, which is common for cable trays."
22,450 MM CABLE TRAY 90DEG BEND,10.0,NOS,bend,width:450mm,null,,450 MM CABLE TRAY 90DEG BEND,10.0,NOS,45.93,459.3,METAR,,0.75,✓ GOOD,"Type mismatch: BOQ=bend, Vendor=cable tray bend","This item is a 90-degree bend for a cable tray system, with a width of 450mm. The brand is METAR, and it's likely made of HDG (Hot-Dip Galvanized) material, which is common for cable trays."
23,300 MM CABLE TRAY 90DEG BEND,10.0,NOS,bend,width:300mm,null,,300 MM CABLE TRAY 90DEG BEND,10.0,NOS,25.54,255.4,METAR,,1.00,✅ EXCELLENT,None,This item is a 90-degree bend for a 300mm wide cable tray system. It's used to change the direction of cable tray runs in electrical installations.
24,225 MM CABLE TRAY 90DEG BEND,10.0,NOS,bend,width:225mm,null,,225 MM CABLE TRAY 90DEG BEND,10.0,NOS,21.08,210.8,METAR,,1.00,✅ EXCELLENT,None,"This item is a 90-degree bend for a cable tray system, with a width of 225mm. The material is likely HDG (Hot-Dip Galvanized) as it's common for cable trays, though not explicitly stated."
25,200 MM CABLE TRAY 90DEG BEND,10.0,NOS,bend,width:200mm,null,,200 MM CABLE TRAY 90DEG BEND,10.0,NOS,19.6,196.0,METAR,,1.00,✅ EXCELLENT,None,"This item is a 90-degree bend for a cable tray system, with a width of 200mm. The brand is METAR, and it's likely made of HDG (Hot-Dip Galvanized) material, which is common for cable trays."
26,150 MM CABLE TRAY 90DEG BEND,10.0,NOS,bend,width:150mm,null,,150 MM CABLE TRAY 90DEG BEND,10.0,NOS,16.63,166.3,METAR,,1.00,✅ EXCELLENT,None,This item is a 90-degree bend for a 150mm wide cable tray system. It's used to change the direction of cable tray runs in electrical installations.
27,100 MM CABLE TRAY 90DEG BEND,10.0,NOS,bend,width:100mm,null,,100 MM CABLE TRAY 90DEG BEND,10.0,NOS,13.66,136.6,METAR,,1.00,✅ EXCELLENT,None,"This item is a 90-degree bend for a 100mm cable tray system, used to change the direction of cable routing in electrical installations."
28,900 MM CABLE TRAY 45DEG BEND,10.0,NOS,bend,width:900mm,null,,900 MM CABLE TRAY 45DEG BEND,10.0,NOS,81.57,815.7,METAR,,0.75,✓ GOOD,"Type mismatch: BOQ=bend, Vendor=cable tray bend","This item is a 45-degree bend for a 900mm wide cable tray. The brand is METAR, and it's likely made of HDG (Hot-Dip Galvanized) material, which is common for cable trays."
29,750 MM CABLE TRAY 45DEG BEND,10.0,NOS,bend,width:750mm,null,,750 MM CABLE TRAY 45DEG BEND,10.0,NOS,69.69,696.9,METAR,,0.75,✓ GOOD,"Type mismatch: BOQ=bend, Vendor=cable tray bend","This item is a 45-degree bend for a 750mm wide cable tray. The brand is METAR, and it's likely made of HDG (Hot-Dip Galvanized) material, which is common for cable trays."
30,600 MM CABLE TRAY 45DEG BEND,10.0,NOS,bend,width:600mm,null,,600 MM CABLE TRAY 45DEG BEND,10.0,NOS,57.81,578.1,METAR,,0.75,✓ GOOD,"Type mismatch: BOQ=bend, Vendor=cable tray bend","This item is a 45-degree bend for a 600mm wide cable tray. The brand is METAR, and it's likely made of HDG (Hot-Dip Galvanized) material, which is common for cable trays."
31,450 MM CABLE TRAY 45DEG BEND,10.0,NOS,bend,width:450mm,null,,450 MM CABLE TRAY 45DEG BEND,10.0,NOS,45.93,459.3,METAR,,1.00,✅ EXCELLENT,None,"This item is a 45-degree bend for a cable tray system, with a width of 450mm. The material is likely HDG (Hot-Dip Galvanized) as it's common for cable trays, though not explicitly stated."
32,300 MM CABLE TRAY 45DEG BEND,10.0,NOS,bend,width:300mm,null,,300 MM CABLE TRAY 45DEG BEND,10.0,NOS,25.54,255.4,METAR,,1.00,✅ EXCELLENT,None,This item is a 45-degree bend for a 300mm wide cable tray system. It's typically used in cable management systems to change the direction of cable runs.
33,225 MM CABLE TRAY 45DEG BEND,10.0,NOS,bend,width:225mm,null,,225 MM CABLE TRAY 45DEG BEND,10.0,NOS,21.08,210.8,METAR,,1.00,✅ EXCELLENT,None,"This item is a 45-degree bend for a cable tray system, with a width of 225mm. The material is assumed to be HDG (Hot-Dip Galvanized) as it's common for cable trays, though not explicitly stated."
34,200 MM CABLE TRAY 45DEG BEND,10.0,NOS,bend,width:200mm,null,,200 MM CABLE TRAY 45DEG BEND,10.0,NOS,19.6,196.0,METAR,,1.00,✅ EXCELLENT,None,"This item is a 45-degree bend for a cable tray system, with a width of 200mm. The material is likely HDG (Hot-Dip Galvanized) as it's common for cable trays, though not explicitly stated."
35,150 MM CABLE TRAY 45DEG BEND,10.0,NOS,bend,width:150mm,null,,150 MM CABLE TRAY 45DEG BEND,10.0,NOS,16.63,166.3,METAR,,1.00,✅ EXCELLENT,None,"This item is a 45-degree bend for a cable tray system, with a width of 150mm. The material is assumed to be HDG (Hot-Dip Galvanized) as it's common for cable trays, though not explicitly stated."
36,100 MM CABLE TRAY 45DEG BEND,10.0,NOS,bend,width:100mm,null,,100 MM CABLE TRAY 45DEG BEND,10.0,NOS,13.66,136.6,METAR,,1.00,✅ EXCELLENT,None,"This item is a 45-degree bend for a 100mm cable tray system, used to change the direction of cable routing at a 45-degree angle."
37,900 MM CABLE TRAY EQUAL TEE,10.0,NOS,tee,width:900mm,null,,900 MM CABLE TRAY EQUAL TEE,10.0,NOS,108.76,1087.6,METAR,,0.75,✓ GOOD,"Type mismatch: BOQ=tee, Vendor=Equal Tee","This item is a cable tray equal tee, which is a T-shaped junction for cable trays. It has a width of 900mm and is manufactured by METAR. The material is assumed to be HDG (Hot-Dip Galvanized) as it's common for cable trays, though not explicitly stated."
38,750 MM CABLE TRAY EQUAL TEE,10.0,NOS,tee,width:750mm,null,,750 MM CABLE TRAY EQUAL TEE,10.0,NOS,92.92,929.2,METAR,,1.00,✅ EXCELLENT,None,"This item is a 750mm wide equal tee for a cable tray system, likely made of HDG (Hot-Dip Galvanized) material, which is common for cable trays."
39,600 MM CABLE TRAY EQUAL TEE,10.0,NOS,tee,width:600mm,null,,600 MM CABLE TRAY EQUAL TEE,10.0,NOS,77.08,770.8,METAR,,1.00,✅ EXCELLENT,None,"This item is a 600mm wide equal tee for a cable tray system, likely made of HDG (Hot-Dip Galvanized) material, which is common for cable trays."
40,450 MM CABLE TRAY EQUAL TEE,10.0,NOS,tee,width:450mm,null,,NOT QUOTED,,,,,,,0.00,❌ MISSING/POOR,Item not quoted by vendor,No vendor quote found
41,300 MM CABLE TRAY EQUAL TEE,10.0,NOS,tee,width:300mm,null,,NOT QUOTED,,,,,,,0.00,❌ MISSING/POOR,Item not quoted by vendor,No vendor quote found
42,225 MM CABLE TRAY EQUAL TEE,10.0,NOS,tee,width:225mm,null,,NOT QUOTED,,,,,,,0.00,❌ MISSING/POOR,Item not quoted by vendor,No vendor quote found
43,200 MM CABLE TRAY EQUAL TEE,10.0,NOS,tee,width:200mm,null,,200 MM CABLE TRAY 45DEG BEND,10.0,NOS,19.6,196.0,METAR,,0.75,✓ GOOD,"Type mismatch: BOQ=tee, Vendor=bend","This item is a 45-degree bend for a cable tray system, with a width of 200mm. The material is likely HDG (Hot-Dip Galvanized) as it's common for cable trays, though not explicitly stated."
44,150 MM CABLE TRAY EQUAL TEE,10.0,NOS,tee,width:150mm,null,,150 MM CABLE TRAY 45DEG BEND,10.0,NOS,16.63,166.3,METAR,,0.75,✓ GOOD,"Type mismatch: BOQ=tee, Vendor=bend","This item is a 45-degree bend for a cable tray system, with a width of 150mm. The material is assumed to be HDG (Hot-Dip Galvanized) as it's common for cable trays, though not explicitly stated."
45,100 MM CABLE TRAY EQUAL TEE,10.0,NOS,tee,width:100mm,null,,100 MM CABLE TRAY 45DEG BEND,10.0,NOS,13.66,136.6,METAR,,0.75,✓ GOOD,"Type mismatch: BOQ=tee, Vendor=bend","This item is a 45-degree bend for a 100mm cable tray system, used to change the direction of cable routing at a 45-degree angle."
48,900X900X750 MM UNEQUAL TEE,20.0,NOS,tee,"width:900mm, height:900mm, length:750mm",null,,900 MM CABLE TRAY EQUAL TEE,10.0,NOS,108.76,1087.6,METAR,,0.60,✓ GOOD,"Qty variance: BOQ=20.0, Vendor=10.0; Type mismatch: BOQ=tee, Vendor=Equal Tee","This item is a cable tray equal tee, which is a T-shaped junction for cable trays. It has a width of 900mm and is manufactured by METAR. The material is assumed to be HDG (Hot-Dip Galvanized) as it's common for cable trays, though not explicitly stated."
49,750X750X600 MM UNEQUAL TEE,20.0,NOS,Unequal Tee,"width:750mm, height:750mm, length:600mm",HDG,,750 MM CABLE TRAY EQUAL TEE,10.0,NOS,92.92,929.2,METAR,,0.60,✓ GOOD,"Qty variance: BOQ=20.0, Vendor=10.0; Type mismatch: BOQ=Unequal Tee, Vendor=tee","This item is a 750mm wide equal tee for a cable tray system, likely made of HDG (Hot-Dip Galvanized) material, which is common for cable trays."
50,600X600X450 MM UNEQUAL TEE,20.0,NOS,Unequal Tee,"width:600mm, height:600mm, length:450mm",null,,600 MM CABLE TRAY EQUAL TEE,10.0,NOS,77.08,770.8,METAR,,0.60,✓ GOOD,"Qty variance: BOQ=20.0, Vendor=10.0; Type mismatch: BOQ=Unequal Tee, Vendor=tee","This item is a 600mm wide equal tee for a cable tray system, likely made of HDG (Hot-Dip Galvanized) material, which is common for cable trays."
51,450X450X300 MM UNEQUAL TEE,20.0,NOS,Unequal Tee,"width:450mm, height:450mm, length:300mm",null,,450 MM CABLE TRAY EQUAL TEE,10.0,NOS,61.24,612.4,METAR,,0.60,✓ GOOD,"Qty variance: BOQ=20.0, Vendor=10.0; Type mismatch: BOQ=Unequal Tee, Vendor=tee","This item is a 450mm wide equal tee for a cable tray system, likely made of HDG (Hot-Dip Galvanized) material, which is common for cable trays."
52,300X300X225 MM UNEQUAL TEE,20.0,NOS,tee,"width:300mm, height:300mm, length:225mm",null,,300 MM CABLE TRAY EQUAL TEE,10.0,NOS,34.05,340.5,METAR,,0.80,✓ GOOD,"Qty variance: BOQ=20.0, Vendor=10.0","This item is a 300mm wide equal tee for a cable tray system, likely made of HDG (Hot-Dip Galvanized) material, which is common for cable trays."
53,225X225X150 MM UNEQUAL TEE,20.0,NOS,Unequal Tee,"width:225mm, height:225mm, length:150mm",null,,225 MM CABLE TRAY EQUAL TEE,10.0,NOS,28.11,281.1,METAR,,0.60,✓ GOOD,"Qty variance: BOQ=20.0, Vendor=10.0; Type mismatch: BOQ=Unequal Tee, Vendor=tee","This item is a 225mm wide equal tee for a cable tray system, likely made of HDG (Hot-Dip Galvanized) material, which is common for cable trays."
54,150X150X100 MM UNEQUAL TEE,20.0,NOS,tee,"width:150mm, height:150mm, length:100mm",null,,150 MM CABLE TRAY EQUAL TEE,10.0,NOS,22.17,221.7,METAR,,0.80,✓ GOOD,"Qty variance: BOQ=20.0, Vendor=10.0","This item is a 150mm wide equal tee for a cable tray system. It's likely made of HDG (Hot-Dip Galvanized) material, which is common for cable trays."
55,900X750 MM STRAIGHT REDUCER,10.0,NOS,straight reducer,"width:900mm, height:750mm",null,,NOT QUOTED,,,,,,,0.00,❌ MISSING/POOR,Item not quoted by vendor,No vendor quote found
56,750X600 MM STRAIGHT REDUCER,10.0,NOS,straight reducer,"width:750mm, height:600mm",null,,NOT QUOTED,,,,,,,0.00,❌ MISSING/POOR,Item not quoted by vendor,No vendor quote found
57,600X450 MM STRAIGHT REDUCER,10.0,NOS,straight reducer,"width:600mm, height:450mm",null,,NOT QUOTED,,,,,,,0.00,❌ MISSING/POOR,Item not quoted by vendor,No vendor quote found
58,450X300 MM STRAIGHT REDUCER,10.0,NOS,straight reducer,"width:450mm, height:300mm",null,,NOT QUOTED,,,,,,,0.00,❌ MISSING/POOR,Item not quoted by vendor,No vendor quote found
59,300X225 MM STRAIGHT REDUCER,10.0,NOS,straight reducer,"width:300mm, height:225mm",null,,NOT QUOTED,,,,,,,0.00,❌ MISSING/POOR,Item not quoted by vendor,No vendor quote found
60,225X150 MM STRAIGHT REDUCER,10.0,NOS,straight reducer,"width:225mm, height:150mm",null,,NOT QUOTED,,,,,,,0.00,❌ MISSING/POOR,Item not quoted by vendor,No vendor quote found
61,150X100 MM STRAIGHT REDUCER,10.0,NOS,straight reducer,"width:150mm, height:100mm",null,,NOT QUOTED,,,,,,,0.00,❌ MISSING/POOR,Item not quoted by vendor,No vendor quote found
62,900 MM INSIDE RISER,10.0,NOS,riser,width:900mm,null,,NOT QUOTED,,,,,,,0.00,❌ MISSING/POOR,Item not quoted by vendor,No vendor quote found
63,750 MM INSIDE RISER,10.0,NOS,cable tray riser,width:750mm,null,,NOT QUOTED,,,,,,,0.00,❌ MISSING/POOR,Item not quoted by vendor,No vendor quote found
64,600 MM INSIDE RISER,10.0,NOS,riser,width:600mm,null,,NOT QUOTED,,,,,,,0.00,❌ MISSING/POOR,Item not quoted by vendor,No vendor quote found
65,450 MM INSIDE RISER,10.0,NOS,riser,width:450mm,null,,NOT QUOTED,,,,,,,0.00,❌ MISSING/POOR,Item not quoted by vendor,No vendor quote found
66,300 MM INSIDE RISER,10.0,NOS,riser,width:300mm,null,,NOT QUOTED,,,,,,,0.00,❌ MISSING/POOR,Item not quoted by vendor,No vendor quote found
67,225 MM INSIDE RISER,10.0,NOS,riser,width:225mm,null,,NOT QUOTED,,,,,,,0.00,❌ MISSING/POOR,Item not quoted by vendor,No vendor quote found
68,200 MM INSIDE RISER,10.0,NOS,riser,width:200mm,null,,NOT QUOTED,,,,,,,0.00,❌ MISSING/POOR,Item not quoted by vendor,No vendor quote found
69,150 MM INSIDE RISER,10.0,NOS,riser,width:150mm,null,,150X100 MM STRAIGHT REDUCER,10.0,NOS,16.63,166.3,METAR,,0.75,✓ GOOD,"Type mismatch: BOQ=riser, Vendor=Straight Reducer","This item is a straight reducer for cable trays, used to transition between different tray sizes. It reduces from 150mm to 100mm, likely in width. It's manufactured by METAR and is sold individually (NOS - Numbers)."
70,100 MM INSIDE RISER,10.0,NOS,riser,width:100mm,null,,NOT QUOTED,,,,,,,0.00,❌ MISSING/POOR,Item not quoted by vendor,No vendor quote found
71,900 MM OUTSIDE RISER,10.0,NOS,riser,width:900mm,null,,900 MM INSIDE RISER,10.0,NOS,81.57,815.7,METAR,,1.00,✅ EXCELLENT,None,"This item is an inside riser, which is a type of cable tray accessory used for vertical cable management. It has a width of 900mm and is manufactured by METAR."
72,750 MM OUTSIDE RISER,10.0,NOS,riser,width:750mm,null,,750 MM INSIDE RISER,10.0,NOS,69.69,696.9,METAR,,0.75,✓ GOOD,"Type mismatch: BOQ=riser, Vendor=Inside Riser","This item is an inside riser, which is a type of cable tray accessory used for vertical cable management. It has a width of 750mm and is manufactured by METAR. The material is not specified in the given information."
73,600 MM OUTSIDE RISER,10.0,NOS,riser,width:600mm,null,,600 MM INSIDE RISER,10.0,NOS,57.81,578.1,METAR,,0.75,✓ GOOD,"Type mismatch: BOQ=riser, Vendor=Inside Riser","This item is an inside riser, which is a type of cable tray accessory used for vertical cable management. It has a width of 600mm and is manufactured by METAR. The item is sold in individual units (NOS) and the quotation is for 10 pieces."
74,450 MM OUTSIDE RISER,10.0,NOS,riser,width:450mm,null,,450 MM INSIDE RISER,10.0,NOS,45.93,459.3,METAR,,0.75,✓ GOOD,"Type mismatch: BOQ=riser, Vendor=Inside Riser","This item is an inside riser, which is a type of cable tray accessory used for vertical cable management. It has a width of 450mm and is manufactured by METAR."
75,300 MM OUTSIDE RISER,10.0,NOS,riser,width:300mm,null,,300 MM INSIDE RISER,10.0,NOS,25.54,255.4,METAR,,0.75,✓ GOOD,"Type mismatch: BOQ=riser, Vendor=Inside Riser","This item is an inside riser, which is a type of cable tray accessory used for vertical cable management. It has a width of 300mm and is manufactured by METAR brand. The quantity, unit price, and total price are clearly specified in the quotation."
76,225 MM OUTSIDE RISER,10.0,NOS,riser,width:225mm,null,,225 MM INSIDE RISER,10.0,NOS,21.08,210.8,METAR,,1.00,✅ EXCELLENT,None,"This item is a 225mm inside riser, which is likely an accessory for a cable tray system. It's used to manage vertical cable runs or transitions."
77,200 MM OUTSIDE RISER,10.0,NOS,riser,width:200mm,null,,200 MM INSIDE RISER,10.0,NOS,19.6,196.0,METAR,,1.00,✅ EXCELLENT,None,"This item is a 200mm inside riser, which is an accessory for cable tray systems. It's used to change the direction of cables vertically within an enclosure or between levels."
78,150 MM OUTSIDE RISER,10.0,NOS,riser,width:150mm,null,,150 MM INSIDE RISER,10.0,NOS,16.63,166.3,METAR,,1.00,✅ EXCELLENT,None,"This item is a 150mm inside riser, which is an accessory for cable tray systems. It's used to transition cables from one level to another within an enclosure or between different cable tray sections."
79,100 MM OUTSIDE RISER,10.0,NOS,riser,width:100mm,null,,100 MM INSIDE RISER,10.0,NOS,13.66,136.6,METAR,,1.00,✅ EXCELLENT,None,"This item is a 100mm inside riser, which is likely an accessory for a cable tray system. It's used to manage vertical cable runs or transitions."
80,75 MM OUTSIDE RISER,10.0,NOS,riser,width:75mm,null,,NOT QUOTED,,,,,,,0.00,❌ MISSING/POOR,Item not quoted by vendor,No vendor quote found
81,50 MM OUTSIDE RISER,10.0,NOS,riser,width:50mm,null,,NOT QUOTED,,,,,,,0.00,❌ MISSING/POOR,Item not quoted by vendor,No vendor quote found
82,900 MM ADDON BRANCH,20.0,NOS,tee,width:900mm,HDG,,900 MM OUTSIDE RISER,10.0,NOS,81.57,815.7,METAR,,0.60,✓ GOOD,"Qty variance: BOQ=20.0, Vendor=10.0; Type mismatch: BOQ=tee, Vendor=Outside Riser","This item is an outside riser, which is a type of cable tray accessory used for vertical cable management. It has a width of 900mm and is manufactured by METAR. The quantity, unit price, and total price are clearly specified in the quotation."
83,750 MM ADDON BRANCH,20.0,NOS,tee,width:750mm,HDG,,750 MM OUTSIDE RISER,10.0,NOS,69.69,696.9,METAR,,0.60,✓ GOOD,"Qty variance: BOQ=20.0, Vendor=10.0; Type mismatch: BOQ=tee, Vendor=Outside Riser","This item is an outside riser, which is a type of cable tray accessory used for vertical cable management. It has a width of 750mm and is manufactured by METAR brand."
84,600 MM ADDON BRANCH,20.0,NOS,tee,width:600mm,HDG,,600 MM OUTSIDE RISER,10.0,NOS,57.81,578.1,METAR,,0.60,✓ GOOD,"Qty variance: BOQ=20.0, Vendor=10.0; Type mismatch: BOQ=tee, Vendor=Outside Riser","This item is an outside riser, which is a type of cable tray accessory used for vertical cable management. It has a width of 600mm and is manufactured by METAR. The quantity, unit price, and total price are clearly specified in the quotation."
85,450 MM ADDON BRANCH,20.0,NOS,Branch,width:450mm,null,,450 MM OUTSIDE RISER,10.0,NOS,45.93,459.3,METAR,,0.60,✓ GOOD,"Qty variance: BOQ=20.0, Vendor=10.0; Type mismatch: BOQ=Branch, Vendor=Outside Riser","This item is an outside riser, which is a type of cable tray accessory used for vertical cable management. It has a width of 450mm and is manufactured by METAR."
86,300 MM ADDON BRANCH,20.0,NOS,Branch,width:300mm,null,,300 MM OUTSIDE RISER,10.0,NOS,25.54,255.4,METAR,,0.60,✓ GOOD,"Qty variance: BOQ=20.0, Vendor=10.0; Type mismatch: BOQ=Branch, Vendor=Outside Riser","This item is an outside riser, which is an accessory for cable tray systems. It's used to route cables vertically along the outside of a structure. The width is specified as 300mm, which is a standard size for cable management systems."
87,225 MM ADDON BRANCH,20.0,NOS,Addon Branch,width:225mm,null,,225 MM OUTSIDE RISER,10.0,NOS,21.08,210.8,METAR,,0.60,✓ GOOD,"Qty variance: BOQ=20.0, Vendor=10.0; Type mismatch: BOQ=Addon Branch, Vendor=Outside Riser","This item is an outside riser, which is typically used in cable tray systems to transition cables from one level to another. It has a width of 225mm and is manufactured by METAR."
88,150 MM ADDON BRANCH,20.0,NOS,Branch,width:150mm,null,,150 MM OUTSIDE RISER,10.0,NOS,16.63,166.3,METAR,,0.60,✓ GOOD,"Qty variance: BOQ=20.0, Vendor=10.0; Type mismatch: BOQ=Branch, Vendor=Outside Riser","This item is an outside riser, which is typically used in cable tray systems to transition cables from one level to another. It has a width of 150mm and is manufactured by METAR."
89,100 MM ADDON BRANCH,20.0,NOS,tee,width:100mm,null,,100 MM OUTSIDE RISER,10.0,NOS,13.66,136.6,METAR,,0.60,✓ GOOD,"Qty variance: BOQ=20.0, Vendor=10.0; Type mismatch: BOQ=tee, Vendor=Outside Riser","This item is an outside riser, which is typically used in cable tray systems to transition cables from one level to another. It has a width of 100mm and is manufactured by METAR."
90,900X50 MM FISH PLATE,50.0,NOS,Fish Plate,"width:900mm, height:50mm",null,,900 MM ADDON BRANCH,20.0,NOS,54.38,1087.6,METAR,,0.60,✓ GOOD,"Qty variance: BOQ=50.0, Vendor=20.0; Type mismatch: BOQ=Fish Plate, Vendor=addon branch",This item is a 900 MM wide addon branch for a cable tray system. It's likely used to create additional pathways or extensions in an existing cable tray installation.
91,750X50 MM FISH PLATE,50.0,NOS,Fish plate,"length:750mm, width:50mm",null,,50 MM OUTSIDE RISER,10.0,NOS,10.69,106.9,METAR,,0.60,✓ GOOD,"Qty variance: BOQ=50.0, Vendor=10.0; Type mismatch: BOQ=Fish plate, Vendor=Outside Riser","This item is an outside riser, which is typically used in cable tray systems to transition cables from one level to another. It has a width of 50mm and is manufactured by METAR."
92,600X50 MM FISH PLATE,50.0,NOS,Fish plate,"width:600mm, height:50mm",null,,NOT QUOTED,,,,,,,0.00,❌ MISSING/POOR,Item not quoted by vendor,No vendor quote found
93,450X50 MM FISH PLATE,50.0,NOS,Fish plate,"width:450mm, height:50mm",null,,NOT QUOTED,,,,,,,0.00,❌ MISSING/POOR,Item not quoted by vendor,No vendor quote found
94,300X50 MM FISH PLATE,50.0,NOS,Fish plate,"width:300mm, height:50mm",null,,NOT QUOTED,,,,,,,0.00,❌ MISSING/POOR,Item not quoted by vendor,No vendor quote found
95,225X50 MM FISH PLATE,50.0,NOS,Fish plate,"width:225mm, height:50mm",null,,225 MM INSIDE RISER,10.0,NOS,21.08,210.8,METAR,,0.60,✓ GOOD,"Qty variance: BOQ=50.0, Vendor=10.0; Type mismatch: BOQ=Fish plate, Vendor=riser","This item is a 225mm inside riser, which is likely an accessory for a cable tray system. It's used to manage vertical cable runs or transitions."
96,150X50 MM FISH PLATE,50.0,NOS,Fish plate,"width:150mm, height:50mm",null,,225X150 MM STRAIGHT REDUCER,10.0,NOS,21.08,210.8,METAR,,0.60,✓ GOOD,"Qty variance: BOQ=50.0, Vendor=10.0; Type mismatch: BOQ=Fish plate, Vendor=straight reducer","This item is a straight reducer for cable trays, used to transition between different tray sizes. It's manufactured by METAR and has dimensions of 225mm x 150mm."
97,100X50 MM FISH PLATE,50.0,NOS,Fish plate,"width:100mm, height:50mm",null,,100 MM INSIDE RISER,10.0,NOS,13.66,136.6,METAR,,0.60,✓ GOOD,"Qty variance: BOQ=50.0, Vendor=10.0; Type mismatch: BOQ=Fish plate, Vendor=riser","This item is a 100mm inside riser, which is likely an accessory for a cable tray system. It's used to manage vertical cable runs or transitions."
98,CABLE TRAY FLANGE,100.0,NOS,Cable Tray Flange,,HDG,,NOT QUOTED,,,,,,,0.00,❌ MISSING/POOR,Item not quoted by vendor,No vendor quote found
99,CABLE TRAY END CAP,100.0,NOS,End Cap,,null,,NOT QUOTED,,,,,,,0.00,❌ MISSING/POOR,Item not quoted by vendor,No vendor quote found
100,CABLE TRAY COUPLER,10000.0,NOS,accessory,,null,,100MM TRUNKING COUPLER,1500.0,NOS,2.0,3000.0,METAR,,0.80,✓ GOOD,"Qty variance: BOQ=10000.0, Vendor=1500.0","This item is a trunking coupler, which is an accessory used to join sections of cable trunking. It has a width of 100mm and is manufactured by METAR."
101,CABLE TRAY COUPLER WRAP OVER,1000.0,NOS,Cable Tray Accessory,,null,,NOT QUOTED,,,,,,,0.00,❌ MISSING/POOR,Item not quoted by vendor,No vendor quote found
102,CABLE TRAY EARTH STRIP,20000.0,NOS,Cable tray earth strip,,GI,,NOT QUOTED,,,,,,,0.00,❌ MISSING/POOR,Item not quoted by vendor,No vendor quote found
103,CABLE TRAY EXPANSION COUPLER 50MM HEIGHT,100.0,NOS,expansion coupler,height:50mm,null,,NOT QUOTED,,,,,,,0.00,❌ MISSING/POOR,Item not quoted by vendor,No vendor quote found
1,150X150 MM CABLE TRUNKING 1.5MM THICKNESS,50.0,Mtr,cable trunking,"width:150mm, height:150mm, thickness:1.5mm, length:3m",GI,,NOT QUOTED,,,,,,,0.00,❌ MISSING/POOR,Item not quoted by vendor,No vendor quote found
2,100X100 MM CABLE TRUNKING 1.2MM THICKNESS,100.0,Mtr,cable trunking,"width:100mm, height:100mm, thickness:1.2mm, length:3m",null,,NOT QUOTED,,,,,,,0.00,❌ MISSING/POOR,Item not quoted by vendor,No vendor quote found
3,75X75 MM CABLE TRUNKING 1.0MM THICKNESS,20.0,Mtr,cable trunking,"width:75mm, height:75mm, thickness:1.0mm, length:3m",null,,NOT QUOTED,,,,,,,0.00,❌ MISSING/POOR,Item not quoted by vendor,No vendor quote found
4,50X50 MM CABLE TRUNKING 1.0MM THICKNESS,50.0,Mtr,cable trunking,"width:50mm, height:50mm, thickness:1.0mm, length:3m",null,,NOT QUOTED,,,,,,,0.00,❌ MISSING/POOR,Item not quoted by vendor,No vendor quote found
5,150X150 MM CABLE TRUNKING EQUAL TEE,20.0,NOS,tee,"width:150mm, height:150mm",null,,150 MM ADDON BRANCH,20.0,NOS,13.06,261.2,METAR,,0.75,✓ GOOD,"Type mismatch: BOQ=tee, Vendor=Addon Branch",This item is an addon branch for a cable tray system. It's a component used to create additional pathways or connections in a cable management setup. The width of 150 MM suggests it's designed to match or connect with cable trays of similar dimensions.
6,100X100 MM CABLE TRUNKING EQUAL TEE,20.0,NOS,Equal Tee,"width:100mm, height:100mm",null,,100 MM ADDON BRANCH,20.0,NOS,11.08,221.6,METAR,,0.75,✓ GOOD,"Type mismatch: BOQ=Equal Tee, Vendor=Addon Branch","This item is an addon branch for a cable tray system, likely used to create additional pathways or connections in the cable management setup."
7,75X75 MM CABLE TRUNKING EQUAL TEE,20.0,NOS,tee,"width:75mm, height:75mm",null,,NOT QUOTED,,,,,,,0.00,❌ MISSING/POOR,Item not quoted by vendor,No vendor quote found
8,50X50 MM CABLE TRUNKING EQUAL TEE,20.0,NOS,Equal Tee,"width:50mm, height:50mm",null,,750X50 MM FISH PLATE,50.0,NOS,23.23,1161.5,METAR,,0.60,✓ GOOD,"Qty variance: BOQ=20.0, Vendor=50.0; Type mismatch: BOQ=Equal Tee, Vendor=Fish Plate","This item is a fish plate, which is an accessory used in cable tray systems to join sections of cable trays. It has specific dimensions of 750mm x 50mm and is manufactured by METAR."
9,150X150 MM CABLE TRUNKING EQUAL TEE TOP LID,20.0,NOS,tee,"width:150mm, height:150mm",null,,150 MM ADDON BRANCH,20.0,NOS,13.06,261.2,METAR,,0.75,✓ GOOD,"Type mismatch: BOQ=tee, Vendor=Addon Branch",This item is an addon branch for a cable tray system. It's a component used to create additional pathways or connections in a cable management setup. The width of 150 MM suggests it's designed to match or connect with cable trays of similar dimensions.
10,100X100 MM CABLE TRUNKING EQUAL TEE TOP LID,20.0,NOS,tee,"width:100mm, height:100mm",null,,100 MM ADDON BRANCH,20.0,NOS,11.08,221.6,METAR,,0.75,✓ GOOD,"Type mismatch: BOQ=tee, Vendor=Addon Branch","This item is an addon branch for a cable tray system, likely used to create additional pathways or connections in the cable management setup."
11,75X75 MM CABLE TRUNKING EQUAL TEE TOP LID,20.0,NOS,Equal Tee with Top Lid,"width:75mm, height:75mm",null,,NOT QUOTED,,,,,,,0.00,❌ MISSING/POOR,Item not quoted by vendor,No vendor quote found
12,50X50 MM CABLE TRUNKING EQUAL TEE TOP LID,20.0,NOS,tee,"width:50mm, height:50mm",null,,750X50 MM FISH PLATE,50.0,NOS,23.23,1161.5,METAR,,0.60,✓ GOOD,"Qty variance: BOQ=20.0, Vendor=50.0; Type mismatch: BOQ=tee, Vendor=Fish Plate","This item is a fish plate, which is an accessory used in cable tray systems to join sections of cable trays. It has specific dimensions of 750mm x 50mm and is manufactured by METAR."
13,150X150 MM CABLE TRUNKING 45 DEGREE BEND,20.0,NOS,bend,"width:150mm, height:150mm",null,,NOT QUOTED,,,,,,,0.00,❌ MISSING/POOR,Item not quoted by vendor,No vendor quote found
14,100X100 MM CABLE TRUNKING 45 DEGREE BEND,20.0,NOS,bend,"width:100mm, height:100mm",null,,NOT QUOTED,,,,,,,0.00,❌ MISSING/POOR,Item not quoted by vendor,No vendor quote found
15,75X75 MM CABLE TRUNKING 45 DEGREE BEND,20.0,NOS,bend,"width:75mm, height:75mm",null,,NOT QUOTED,,,,,,,0.00,❌ MISSING/POOR,Item not quoted by vendor,No vendor quote found
16,50X50 MM CABLE TRUNKING 45 DEGREE BEND,20.0,NOS,bend,"width:50mm, height:50mm",null,,225X50 MM FISH PLATE,50.0,NOS,7.02,351.0,METAR,,0.60,✓ GOOD,"Qty variance: BOQ=20.0, Vendor=50.0; Type mismatch: BOQ=bend, Vendor=Fish Plate","This item is a fish plate, which is an accessory used in cable tray systems to join sections of cable trays. It has specific dimensions of 225mm x 50mm and is manufactured by METAR."
17,150X150 MM CABLE TRUNKING 90 DEGREE BEND,20.0,NOS,bend,"width:150mm, height:150mm",null,,NOT QUOTED,,,,,,,0.00,❌ MISSING/POOR,Item not quoted by vendor,No vendor quote found
18,100X100 MM CABLE TRUNKING 90 DEGREE BEND,20.0,NOS,bend,"width:100mm, height:100mm",null,,NOT QUOTED,,,,,,,0.00,❌ MISSING/POOR,Item not quoted by vendor,No vendor quote found
19,75X75 MM CABLE TRUNKING 90 DEGREE BEND,20.0,NOS,bend,"width:75mm, height:75mm",null,,NOT QUOTED,,,,,,,0.00,❌ MISSING/POOR,Item not quoted by vendor,No vendor quote found
20,50X50 MM CABLE TRUNKING 90 DEGREE BEND,20.0,NOS,bend,"width:50mm, height:50mm",null,,CABLE TRAY EXPANSION COUPLER 50MM HEIGHT,100.0,NOS,5.0,500.0,METAR,,0.60,✓ GOOD,"Qty variance: BOQ=20.0, Vendor=100.0; Type mismatch: BOQ=bend, Vendor=cable tray expansion coupler","This item is a cable tray expansion coupler, which is an accessory used to join sections of cable tray while allowing for thermal expansion and contraction. It has a height of 50mm and is manufactured by METAR."
21,150X150MM TO 100X100 MM REDUCER,20.0,NOS,reducer,"width:150mm to 100mm, height:150mm to 100mm",null,,NOT QUOTED,,,,,,,0.00,❌ MISSING/POOR,Item not quoted by vendor,No vendor quote found
22,150X100MM TO 100X100 MM REDUCER,20.0,NOS,reducer,"width:150mm, height:100mm",null,,NOT QUOTED,,,,,,,0.00,❌ MISSING/POOR,Item not quoted by vendor,No vendor quote found
23,100X100MM TO 50X50 MM REDUCER,20.0,NOS,reducer,"width:100mm, height:100mm",null,,NOT QUOTED,,,,,,,0.00,❌ MISSING/POOR,Item not quoted by vendor,No vendor quote found
24,75X75MM TO 50X50 MM REDUCER,20.0,NOS,reducer,"width:75mm, height:75mm",null,,NOT QUOTED,,,,,,,0.00,❌ MISSING/POOR,Item not quoted by vendor,No vendor quote found
25,100X100MM TO 75X75 MM REDUCER,20.0,NOS,reducer,"width:100mm, height:100mm",null,,100X100 MM CABLE TRUNKING 1.2MM THICKNESS- - 3 METER LENGTH,100.0,Lth,48.15,4815.0,METAR,,0.50,✓ GOOD,"Qty variance: BOQ=20.0, Vendor=100.0; UOM mismatch: BOQ=NOS, Vendor=Lth; Type mismatch: BOQ=reducer, Vendor=cable trunking","This item is a cable trunking system used for organizing and protecting cables in electrical installations. It has a square cross-section of 100x100mm, is made of 1.2mm thick material, and comes in 3-meter lengths. The brand is METAR."
26,150X150X100 UNEQUAL TEE,20.0,NOS,tee,"width:150mm, height:150mm, length:100mm",null,,150X150 MM CABLE TRUNKING 1.5MM THICKNESS- - 3 METER LENGTH,50.0,Lth,87.55,4377.5,METAR,,0.50,✓ GOOD,"Qty variance: BOQ=20.0, Vendor=50.0; UOM mismatch: BOQ=NOS, Vendor=Lth; Type mismatch: BOQ=tee, Vendor=cable trunking","This item is a cable trunking system used for organizing and protecting cables in electrical installations. It has a square cross-section of 150mm x 150mm, with a thickness of 1.5mm and comes in 3-meter lengths. The brand is METAR."
27,100X100X50 UNEQUAL TEE,20.0,NOS,tee,"width:100mm, height:100mm, length:50mm",HDG,,100X100 MM CABLE TRUNKING 1.2MM THICKNESS- - 3 METER LENGTH,100.0,Lth,48.15,4815.0,METAR,,0.50,✓ GOOD,"Qty variance: BOQ=20.0, Vendor=100.0; UOM mismatch: BOQ=NOS, Vendor=Lth; Type mismatch: BOQ=tee, Vendor=cable trunking","This item is a cable trunking system used for organizing and protecting cables in electrical installations. It has a square cross-section of 100x100mm, is made of 1.2mm thick material, and comes in 3-meter lengths. The brand is METAR."
28,75X75X50 UNEQUAL TEE,20.0,NOS,tee,"width:75mm, height:75mm, length:50mm",null,,75X75 MM CABLE TRUNKING 1.0MM THICKNESS- - 3 METER LENGTH,20.0,Lth,31.0,620.0,METAR,,0.65,✓ GOOD,"UOM mismatch: BOQ=NOS, Vendor=Lth; Type mismatch: BOQ=tee, Vendor=cable trunking","This item is a cable trunking system used for organizing and protecting cables in electrical installations. It has a square cross-section of 75x75mm, is 3 meters long, and has a thickness of 1.0mm. The brand is METAR."
29,100x50x50 UNEQUAL TEE,20.0,NOS,tee,"width:100mm, height:50mm, length:50mm",null,,100X100 MM CABLE TRUNKING EQUAL TEE,20.0,NOS,19.26,385.2,METAR,,1.00,✅ EXCELLENT,None,"This item is a cable trunking equal tee, which is a T-shaped junction for cable management systems. It has equal dimensions on all sides (100x100 mm) and is used to branch cables in multiple directions."
30,100X100X75 UNEQUAL TEE,20.0,NOS,tee,"width:100mm, height:100mm, length:75mm",HDG,,100X100 MM CABLE TRUNKING EQUAL TEE,20.0,NOS,19.26,385.2,METAR,,1.00,✅ EXCELLENT,None,"This item is a cable trunking equal tee, which is a T-shaped junction for cable management systems. It has equal dimensions on all sides (100x100 mm) and is used to branch cables in multiple directions."
31,150X150X100X100 SQUARE TEE,20.0,NOS,tee,"width:150mm, height:150mm",null,,150X150 MM CABLE TRUNKING EQUAL TEE,20.0,NOS,35.02,700.4,METAR,,1.00,✅ EXCELLENT,None,"This item is a cable trunking equal tee, which is a T-shaped junction used in cable management systems. It has equal dimensions on all sides (150mm x 150mm) and is used to branch cables in multiple directions."
32,150X150X150X100 SQUARE TEE,20.0,NOS,tee,"width:150mm, height:150mm, length:150mm",null,,150X150 MM CABLE TRUNKING EQUAL TEE TOP LID,20.0,NOS,35.02,700.4,METAR,,0.75,✓ GOOD,"Type mismatch: BOQ=tee, Vendor=Cable Trunking Equal Tee Top Lid","This item is a cable trunking accessory, specifically an equal tee with a top lid. It's used in cable management systems to create T-shaped junctions in cable trunking runs. The dimensions indicate it's for a 150mm x 150mm trunking system."
33,50MM TRUNKING COUPLER,20.0,NOS,accessory,width:50mm,null,,50X50 MM CABLE TRUNKING EQUAL TEE,20.0,NOS,8.75,175.0,METAR,,0.75,✓ GOOD,"Type mismatch: BOQ=accessory, Vendor=tee","This item is a 50x50 mm cable trunking equal tee, which is a T-shaped connector used in cable management systems to join cable trunking sections at right angles."
34,75MM TRUNKING COUPLER,1500.0,NOS,Trunking Coupler,width:75mm,null,,75X75 MM CABLE TRUNKING EQUAL TEE TOP LID,20.0,NOS,12.4,248.0,METAR,,0.60,✓ GOOD,"Qty variance: BOQ=1500.0, Vendor=20.0; Type mismatch: BOQ=Trunking Coupler, Vendor=Cable trunking equal tee top lid","This item is a cable trunking component, specifically an equal tee with a top lid. It's used in cable management systems to create T-shaped junctions in cable trunking installations. The dimensions indicate it's for a 75mm x 75mm trunking system."
35,100MM TRUNKING COUPLER,1500.0,NOS,coupler,width:100mm,null,,100X100 MM CABLE TRUNKING EQUAL TEE TOP LID,20.0,NOS,19.26,385.2,METAR,,0.60,✓ GOOD,"Qty variance: BOQ=1500.0, Vendor=20.0; Type mismatch: BOQ=coupler, Vendor=tee","This item is a cable trunking equal tee with a top lid, used for cable management systems. It has dimensions of 100x100 mm and is manufactured by METAR."
36,150MM TRUNKING COUPLER,1500.0,NOS,accessory,width:150mm,null,,150X150 MM CABLE TRUNKING 45 DEGREE BEND,20.0,NOS,26.26,525.2,METAR,,0.60,✓ GOOD,"Qty variance: BOQ=1500.0, Vendor=20.0; Type mismatch: BOQ=accessory, Vendor=cable trunking bend","This item is a 45-degree bend for a cable trunking system, with dimensions of 150mm x 150mm. It's used to change the direction of cable trays in electrical installations."
37,150X150 MM CABLE TRUNKING EXPANSION COUPLER,20.0,NOS,cable trunking expansion coupler,"width:150mm, height:150mm",null,,150X150 MM CABLE TRUNKING 45 DEGREE BEND,20.0,NOS,26.26,525.2,METAR,,0.75,✓ GOOD,"Type mismatch: BOQ=cable trunking expansion coupler, Vendor=cable trunking bend","This item is a 45-degree bend for a cable trunking system, with dimensions of 150mm x 150mm. It's used to change the direction of cable trays in electrical installations."
38,100X100 MM CABLE TRUNKING EXPANSION COUPLER,20.0,NOS,cable trunking expansion coupler,"width:100mm, height:100mm",null,,100X100 MM CABLE TRUNKING 45 DEGREE BEND,20.0,NOS,14.44,288.8,METAR,,0.75,✓ GOOD,"Type mismatch: BOQ=cable trunking expansion coupler, Vendor=cable trunking bend","This item is a 45-degree bend for a cable trunking system, with dimensions of 100mm x 100mm. It's used to change the direction of cable trays in electrical installations."
39,75X75 MM CABLE TRUNKING EXPANSION COUPLER,20.0,NOS,cable trunking expansion coupler,"width:75mm, height:75mm",null,,75X75 MM CABLE TRUNKING 45 DEGREE BEND,20.0,NOS,9.3,186.0,METAR,,0.75,✓ GOOD,"Type mismatch: BOQ=cable trunking expansion coupler, Vendor=cable trunking bend","This item is a 45-degree bend for a cable trunking system, with dimensions of 75x75mm. It's used in cable management systems to change the direction of cable runs at a 45-degree angle."
40,50X50 MM CABLE TRUNKING EXPANSION COUPLER,100.0,NOS,cable trunking expansion coupler,"width:50mm, height:50mm",null,,50X50 MM CABLE TRUNKING 45 DEGREE BEND,20.0,NOS,6.56,131.2,METAR,,0.60,✓ GOOD,"Qty variance: BOQ=100.0, Vendor=20.0; Type mismatch: BOQ=cable trunking expansion coupler, Vendor=cable trunking bend",This item is a 45-degree bend for a 50x50mm cable trunking system. It's used to change the direction of cable trays in electrical installations.
41,CABLE TRUNKING END CAP,500.0,NOS,End Cap,,null,,NOT QUOTED,,,,,,,0.00,❌ MISSING/POOR,Item not quoted by vendor,No vendor quote found
42,CABLE TRUNKING EARTH STRIP,5000.0,NOS,Earth Strip,,null,,NOT QUOTED,,,,,,,0.00,❌ MISSING/POOR,Item not quoted by vendor,No vendor quote found
